Tube.number,Bird.ID,Inoculation.Date,Treatment,Diet,Clutch#,Egg#,Date.Laid,Egg.Mass.Day.Laid,Egg.Mass.Freezer,Yolk.Mass,sampleID,Estrone,Estradiol,Androstenedione,Testosterone,Dehydroepiandrosterone,Etiocholanolone,11-Ketotestoterone,Progesterone,Pregnenolone,17a-hydroxyprogesterone,17a-hydroxypregnenolone,Dihydroprogesterone,11-Dexoycortisol,Cortisone,5b-dihydrocortisone,20b-DHP,Cortisol,5b-dihydrocortisol,5b-tetrahydrocortisone,5b-tetrahydrocortisol,b-cortol,Corticosterone,5b-tetrahydrocorticosterone,11-tetrahydrocorticosterone,5b-corticosterone,Deoxycorticosterone,20_-dihydrocorticosterone,5_-dihydroproggesterone,Pregnanolone
1,SEM 19-1354,3/17/20,Control,Protein,1,4,5/24/20,1.7543,1.6673,0.2771,RP1,0,0,1.1,23.5,3.4,174.5,0.9,175.4,2921.4,0,17.43704179,0,0,0,0,0,0,0,0,0,0,0,0,0,0,0,0,542.5,91.4230723
2,Blue-031,2/24/20,MG,Lipid,1,3,4/27/20,1.9152,1.8291,0.4609,RP2,0,0,1.3,23.3,3.462236235,82.5,0,59.2,1053.8,0,8.49289019,0.2,0,0,0,0,0,0,0,0,0,0,0,0.5,1.3,0,3.1,254.3,37.89686845
3,Blue-043,1/13/20,MG,Lipid,1,4,3/21/20,1.9144,1.7959,0.3528,RP3,0,0,31.2,46.2,5.020625271,127.8,0,354,3050.4,1.1,25.6575617,1.4,0,0,0,0,0,0,0,0,0,0,0,0.7,0,0,0,433.3,58.57898715
4,LD 19-239,5/11/20,MG,Lipid,1,2,7/17/20,2.1754,2.0856,0,RP4,0,0,0,0,0,0,0,0,0,0,0,0,0,0,0,0,0,0,0,0,0,0,0,0,0,0,0,0,0
5,Blue-045,2/24/20,MG,Protein,1,2,4/25/20,2.2479,2.1828,0.525,RP5,0,0,3.4,19.5,1.714285714,71.9,0,198.9,1892.7,0.1,29.99854376,0.3,0,0,0,0,0,0,0,0,0,0,0,0.6,0.5,0,0.3,257.2,36.06349206
6,Blue-043,1/13/20,MG,Lipid,1,3,3/20/20,1.9541,1.8781,0.3391,RP6,0,0,20.4,64.5,5.364638561,137,0,356.4,2817.9,1.8,19.29915219,1.2,0,0,0,0,0,0,0,0,0,0,0,0,0,0,0,484.6,50.32930306
7,Blue-013,3/2/20,Control,Protein,1,2,5/21/20,2.1148,2.0322,0.3425,RP7,0,0,1.1,8,0,191.3,0,160.1,1733.3,0,21.65226902,0,0,0,0,0,0,0,0,0,0,0,0,0.4,0,0,0,829.4,64.23357664
8,Blue-049,1/13/20,Control,Protein,1,2,3/14/20,2.1565,2.0778,0.4186,RP8,0,0,0.9,8.1,0,83,0,176.7,1846.7,0,21.36873896,0.1,0,0,0,0,0,0,0,0,0,0,0,0,3.9,0,7.8,532.6,101.6085364
9,SEM 19-74,3/17/20,MG,Protein,1,4,5/29/20,1.8058,1.6897,0.3338,RP9,0,0,2.6,20.6,0,160.4,0,15,1222.1,0,18.50620141,0,0,0,0,0,0,0,0,0,0,0,0,0,0,0,0,230.1,63.1116437
10,601,3/17/20,Control,Protein,1,1,5/18/20,1.9797,1.8816,0.2667,RP10,0,0,0.5,7.4,0,266.1,0,264.4,3094.9,0,20.9262833,0,0,0,0,0,0,0,0,0,0,0,0,0,2.4,0,5.6,1074.7,137.9827522
11,Blue-045,2/24/20,MG,Protein,1,1,4/24/20,2.1776,2.0655,0.45,RP11,0,0,4.7,18.1,0,124.7,0,380.4,2257.5,0,38.05640503,0,0,0,0,0,0,0,0,0,0,0,0,0.3,0,0,0,486.9,48.88888889
12,Blue-032,2/24/20,MG,Protein,1,1,4/21/20,2.2652,2.1322,0.4686,RP12,0,0,2.8,18.5,0,247.1,0,73.1,1602.2,0,19.18656784,0.2,0,0,0,0,0,0,0,0,0,0,0,0.5,0,0,0,492,50.36278276
13,Blue-024,2/24/20,Control,Protein,1,3,4/27/20,2.1858,2.0603,0.4749,RP13,0,0,1.3,9.3,1.297025578,80.3,0,44.9,1133.1,0,7.212205628,0,0,0,0,0,0,0,0,0,0,0,0,0.6,0.8,0,1.6,262.1,41.55260757
14,610,5/11/20,MG,Protein,1,3,7/9/20,2.0863,1.991,0.3913,RP14,0,0,0.5,8.2,0,70.3,0,168.3,2085,0,11.29302388,0,0,0,0,0,3.8,0,0,0,0,0,0,0.8,0,0,0,605.5,81.09719738
15,610,5/11/20,MG,Protein,1,4,7/10/20,1.9909,1.9221,0.3067,RP15,0,0,1.8,20.7,1.623320314,129.7,0,184,2934.5,0,14.40808688,0,0,0,0,0,0,0,0,0,0,0,0,0.6,2.1,0,1.9,602.3,120.8564286
16,101-LS,2/24/20,MG,Lipid,1,1,4/29/20,2.1569,2.0307,0.3585,RP16,0,0,6.9,44.6,3.609899404,141,0,374.7,3077.2,0,43.93092182,0.5,0,0,0,0,0,0,0,0,0,0,0,0.7,3.7,0,5.7,490.4,38.30776383
17,SEM 19-140,5/11/20,Control,Lipid,1,3,7/19/20,2.2421,2.1886,0.4217,RP17,0,0,0.5,11.1,0,91.8,0,59.5,1155.6,0,15.26513841,0,0,0,0,0,0,0,0,0,0,0,0,0,0,0,0,583,73.67006561
18,601,3/17/20,Control,Protein,1,2,5/19/20,2.0511,1.9614,0.4037,RP18,0,0,0.2,5.4,0,149.5,0,105.3,2083.9,0,11.21128037,0,0,0,0,0,0,0,0,0,0,0,0,0.3,0.6,0,0,741.5,90.49624308
19,Blue-031,2/24/20,MG,Lipid,1,4,4/28/20,1.9074,1.8096,0.425,RP19,0,0,6.9,37.3,1.869837297,119.9,0,68.6,2282,0,13.70750135,0.6,0,0,0,0,0,0,0,0,0,0,0,0,0,0,0,335.7,37.96078431
20,Blue-015,2/24/20,MG,Lipid,1,3,4/27/20,1.9921,1.8409,0.318,RP20,0,0,1.5,14.8,0,90.8,0,137.3,2565.6,0,11.73234859,0,0,0,0,0,0,0,0,0,0,0,0,0.5,0,0,0,320.5,39.53878407
21,172,3/17/20,Control,Protein,1,2,6/2/20,2.3119,2.1848,0.3168,RP21,0,0,1.8,34.1,4.563588008,244.3,0,44.3,2159.5,0,28.81452136,0.2,0,0,0,0,0,0,0,0,0,0,0,0.8,4.8,0,8.4,418.2,54.71380471
22,610,5/11/20,MG,Protein,1,5,7/11/20,2.1219,2.0594,0.3994,RP22,0,0,2.6,21.2,3.044460307,125.9,0,78.8,2396.5,0,16.99797403,0.3,0,0,0,0,0,0,0,0,0,0,0,0.6,0,0,0,526.3,85.12769154
23,Blue-013,3/2/20,Control,Protein,1,1,5/20/20,2.1791,2.0967,0.4235,RP23,0,0,0.1,1.2,0,93.9,0,178.1,1086.9,0,13.93657774,0,0,0,0,0,0,0,0,0,0,0,0,0.8,0.7,0,0,700.9,70.2085793
24,615,5/11/20,Control,Protein,1,1,7/4/20,1.7304,1.588,0.4252,RP24,0,0,1.5,5.7,0,61.2,0,88.4,981.8,0,14.77987693,0.2,0,0,0,0,0,0,0,0,0,0,0,0.3,0,0,0,194.7,35.1207275
25,Blue-042,1/13/20,MG,Protein,1,2,3/16/20,2.1314,2.0358,0.3703,RP25,0,0,4.6,36,2.77951747,227.7,0,73.7,1838.9,0.4,26.01411699,0.2,0,0,0,0,0,0,0,0,0,0,0,0.7,0,0,0.3,316.8,21.38806373
26,SEM 19-140,5/11/20,Control,Lipid,1,1,7/17/20,2.633,2.575,0.5199,RP26,0,0,0.4,3.9,0,114,0,138.1,772.4,0,13.73470433,0,0,0,0,0,0,0,0,0,0,0,0,0.3,0,0,0,379.8,50.00961723
27,172,3/17/20,Control,Protein,1,1,6/1/20,2.3572,2.2407,0.3493,RP27,0,0,0.5,9.2,1.297427682,225.8,0,164.9,1381.4,0,30.51100016,0,0,0,0,0,0,0,0,0,0,0,0,0.7,0,0,1.2,485,37.4844928
28,619,3/17/20,MG,Lipid,1,4,5/19/20,1.7046,1.6255,0.3038,RP28,0,0,1.8,26.1,2.300645722,179.8,0,57.3,2079.5,0,29.1919076,0,0,0,0,0,0,0,0,0,0,0,0,0.8,0,0,0,478,80.7548826
29,Blue-015,2/24/20,MG,Lipid,1,2,4/26/20,2.0422,1.9464,0.3856,RP29,0,0,0.9,6.6,0,43.8,0,336.3,2054.1,0,12.49095892,0,0,0,0,0,0,0,0,0,0,0,0,0.4,0,0,0,337,41.49377593
30,48,1/13/20,Control,Lipid,1,3,3/22/20,2.2495,,0.3867,RP30,0,0,1.8,17.1,1.865209712,204.7,0,84,1514.6,0,23.21059004,0,0,0,0,0,0,0,0,0,0,0,0,0.4,1.3,0,1.5,813.7,106.8873373
31,Blue-010,5/11/20,Control,Lipid,1,1,7/2/20,1.804,1.7121,0.4622,RP31,0,0,5.4,19.8,1.322306821,83.7,0,178,1923.2,0,14.25836016,0.2,0,0,0,0,0,0,0,0,0,0,0,1,0,0,0,264,45.29063897
32,Blue-032,2/24/20,MG,Protein,1,3,4/23/20,2.2512,2.1349,0.4317,RP32,0,0,1,14.2,1.652299913,192.8,0,69.6,2095.8,0,22.63294464,0,0,0,0,0,0,0,0,0,0,0,0,0.6,1.7,0,3.2,675.7,76.28754536
33,601,3/17/20,Control,Protein,1,5,5/22/20,1.8413,1.7442,0.3592,RP33,0,0,0.2,3.6,0,96,0,47.3,1891.3,0,8.258242918,0,0,0,0,0,0,0,0,0,0,0,0,1.1,1.2,0,0,627.7,126.5775798
34,Blue-035,1/13/20,MG,Protein,1,5,3/16/20,2.3096,2.2174,0.3157,RP34,0,0,0.8,11.7,1.309147521,151.5,0,148,1714.5,0,15.64408591,0,0,0,0,0,0,0,0,0,0,0,0,0,0,0,0,443.9,42.65653046
35,SEM 19-140,5/11/20,Control,Lipid,1,2,7/18/20,2.3912,2.3383,0.4349,RP35,0,0,0.8,8.1,1.453011942,126.9,0,154.1,1073,0,19.09117566,0,0,0,0,0,0,0,0,0,0,0,0,0,1.1,0,0.7,591.7,82.77765003
36,Blue-039,2/24/20,Control,Lipid,1,1,4/24/20,2.0036,1.9308,0.4184,RP36,0,0,2.1,25.5,1.979425166,208.1,0,44.7,1343,0.2,24.15639015,0.2,0,0,0,0,0,0,0,0,0,0,0,0.6,0,0,0,450.6,33.77947737
37,164,5/11/20,Control,Protein,1,3,7/27/20,2.4514,2.3892,0.5269,RP37,0,0,0.6,7.2,0,74.2,0,136.8,1789.4,0,10.36005997,0,0,0,0,0,0,0,0,0,0,0,0,0.7,0,0,0,365.1,41.24754855
38,Blue-042,1/13/20,MG,Protein,1,1,3/15/20,2.3481,2.259,0.3121,RP38,0,0,6.2,40.4,3.962518833,211.7,0,103.2,1912.3,0.4,27.04379036,0.3,0,0,0,0,0,0,0,0,0,0,0,0,0,0,0,316.3,17.81480295
39,619,3/17/20,MG,Lipid,1,1,5/16/20,1.898,1.8802,0.3743,RP39,0,0,6.4,36.8,3.031190136,197.6,0,249.2,2820.1,0.2,29.16759603,0.4,0,0,0,0,0,0,0,0,0,0,0,0,0,0,0,585.4,73.3814231
40,AR 17-21,5/11/20,MG,Lipid,1,2,7/15/20,2.0632,1.9757,0.3637,RP40,0,0,0.3,4.9,0,127.4,0,130,2016.3,0,20.13791317,0,0,0,0,0,0.5,0,0,0,0,0,0,0,1.1,0,0.9,360.8,42.5258913
41,SEM 19-1354,3/17/20,Control,Protein,1,1,5/21/20,2.212,2.134,0.3053,RP41,0,0,2.1,18.5,3.350384345,196.3,0,377.8,3129.9,0,27.49589064,0,0,0,0,0,0,0,0,0,0,0,0,0,0,0,0,613.4,77.30101539
42,610,5/11/20,MG,Protein,1,1,7/6/20,1.9594,1.9101,0.364,RP42,0,0,0.7,3.7,0,60.6,0,144.3,1138.1,0,17.30685217,0,0,0,0,0,0,0,0,0,0,0,0,0,0,0,0,328.3,68.13186813
43,48,1/13/20,Control,Lipid,1,4,3/23/20,2.0552,1.959,0.3809,RP43,0,0,0.8,12.7,0,202.1,0,53.7,1208.5,0,18.14469673,0,0,0,0,0,0,0,0,0,0,0,0,0.6,1,0,1.3,642.1,88.91222543
44,209,5/11/20,MG,Lipid,1,2,8/12/20,2.1916,2.1456,0.5246,RP44,0,0,1.2,13.3,1.3718659,115.6,0,77.2,1186.1,0,23.40504663,0,0,0,0,0,0,0,0,0,0,0,0,0.3,1.5,0,2.8,289,39.39509468
45,LD 19-239,5/11/20,MG,Lipid,1,4,7/19/20,1.9476,1.8831,0.3025,RP45,0,0,7,111.7,6.066467382,295.9,0,240.3,4958.7,0,40.286097,1.5,0,0,0,0,0,0,0,0,0,0,0,0.5,0,0,0.3,463.2,50.24793388
46,Blue-047,3/17/20,Control,Lipid,1,1,5/12/20,2.2369,2.1384,0.3546,RP46,0,0,1,7.7,0,184.4,0,183.3,1696.5,0,36.56616147,0,0,0,0,0,0,0,0,0,0,0,0,0.6,0,0,0,653.8,59.40966347
47,Blue-039,2/24/20,Control,Lipid,1,2,4/25/20,1.8494,1.7777,0.4128,RP47,0,0,2.4,37.7,2.423769174,238,0,62.6,1707.3,0.2,23.89143731,0.2,0,0,0,0,0,0,0,0,0,0,0,0.4,0,0,0.4,509.2,52.97157623
48,Blue-039,2/24/20,Control,Lipid,1,4,4/27/20,1.5429,1.4219,0.2946,RP48,0,0,0.6,13.2,0,227.5,0,21.5,1530.2,0,16.24552859,0,0,0,0,0,0,0,0,0,0,0,0,0.4,1.4,0,0,471.3,70.6042091
49,SEM 19-1481,5/11/20,MG,Protein,1,1,7/11/20,2.0129,1.9377,0.2619,RP49,0,0,6.3,33.8,3.095220687,197.7,0,220.5,3375.8,0,29.77535371,0.5,0,0,0,0,0.8,0,0,0,0,0,0,0.8,0.9,0,0,632.3,143.0571465
50,610,5/11/20,MG,Protein,1,2,7/7/20,2.0396,1.9422,0.4372,RP50,0,0,0.2,2,0,26.5,0,112.2,1310.6,0,10.49212251,0,0,0,0,0,0,0,0,0,0,0,0,0.5,0,0,0,332.2,61.60414761
51,Blue-049,1/13/20,Control,Protein,1,5,3/17/20,2.001,1.9335,0.3996,RP51,0,0,1.2,16.8,1.289853683,115.2,0,111.5,1771.6,0,19.01748844,0,0,0,0,0,0,0,0,0,0,0,0,0.4,0,0,0,510.1,106.1061061
52,SEM 19-1354,3/17/20,Control,Protein,1,2,5/22/20,2.449,2.1825,0.2844,RP52,0,0,1.7,20.7,2.076039142,167.7,0,99.5,2907.8,0,28.71004787,0.1,0,0,0,0,0,0,0,0,0,0,0,0,0,0,0,559.9,53.91467417
53,Blue-032,2/24/20,MG,Protein,1,2,4/22/20,2.2904,2.203,0.4887,RP53,0,0,0.8,10,0.904483889,225.3,0,33.5,1377.2,0.4,16.83302577,0.1,0,0,0,0,0,0,0,0,0,0,0,0.4,0,0,0,552.6,46.38155651
54,601,3/17/20,Control,Protein,1,3,5/20/20,1.9059,1.8342,0.3522,RP54,0,0,0.3,8.1,1.042081989,229.4,0,130.6,2686.1,0,18.14718146,0,0,0,0,0,0,0,0,0,0,0,0,0,0,0,0,860.8,114.7075525
55,101-LS,2/24/20,MG,Lipid,1,2,4/30/20,2.2771,2.1033,0.4719,RP55,0,0,3.8,26.8,2.05935264,72.8,0,246.9,2240.2,0.3,30.78193237,0.4,0,0,0,0,0,0,0,0,0,0,0,0.4,0,0,0.3,313.1,43.22949777
56,101-LS,2/24/20,MG,Lipid,1,4,5/2/20,2.472,2.389,0.349,RP56,0,0,4.5,38.3,1.984393099,92.9,0,59,1587.3,0,49.06986322,0.3,0,0,0,0,0,0,0,0,0,0,0,0,0,0,0,257.7,15.12893983
57,Blue-031,2/24/20,MG,Lipid,1,2,4/26/20,1.9035,1.7862,0.405,RP57,0,0,2.9,26.9,3.463356974,131.9,0,164.8,1622.6,0,12.34567901,0.4,0,0,0,0,0,0,0,0,0,0,0,1.2,0,0,0.8,292.8,37.5308642
58,48,1/13/20,Control,Lipid,1,2,3/21/20,2.4827,2.3681,0.4343,RP58,0,0,0.8,4.7,0.878155604,93.2,0,24.8,584.8,0,12.04088832,0,0,0,0,0,0,0,0,0,0,0,0,0,1.2,0,2.3,268.7,22.74925167
59,Blue-010,5/11/20,Control,Lipid,1,5,7/6/20,1.8921,1.8209,0.3655,RP59,0,0,9.9,37.6,4.234944844,118.9,0,237.7,2718.6,0,19.74589708,0.5,0,0,0,0,0,0,0,0,0,0,0,0.5,0,0,0,428.7,72.59461924
60,SEM 19-107,5/11/20,MG,Protein,1,1,7/19/20,2.2601,2.2094,0.4695,RP60,0,0,0,1.4,0,114.9,0,95.8,966.9,0,23.0253409,0,0,0,0,0,0,0,0,0,0,0,0,0.7,0,0,0,417.8,64.4657437
61,Blue-035,1/13/20,MG,Protein,1,3,3/14/20,2.2517,1.8017,0.3494,RP61,0,0,0.9,13.9,0,203.9,0,154.9,2008,0,21.6622992,0,0,0,0,0,0,0,0,0,0,0,0,0.6,0,0,0.9,816.7,76.32131273
62,Blue-043,1/13/20,MG,Lipid,1,2,3/19/20,2.1232,2.0278,0.4718,RP62,0,0,13.1,53.4,3.449893121,127.3,0,310.6,2563.6,1,18.57030074,1.1,0,0,0,0,0,0,0,0,0,0,0,0.3,0.8,0,0,440.1,37.02133672
63,Blue-024,2/24/20,Control,Protein,1,2,4/26/20,2.3634,2.273,0.4592,RP63,0,0,0.9,7,0,112.1,0,68.2,1289.3,0.1,12.02063954,0,0,0,0,0,0,0,0,0,0,0,0,0.5,0,0,1.5,366.2,29.32636469
64,Blue-045,2/24/20,MG,Protein,1,3,4/26/20,2.2522,2.1734,0.3833,RP64,0,0,3.1,23.5,2.668594679,94.5,0,55.3,1602.6,0.6,35.62336095,0.2,0,0,0,0,0,0,0,0,0,0,0,0,0,0,0,280.8,18.50595704
65,Blue-049,1/13/20,Control,Protein,1,3,3/15/20,2.047,1.9464,0.3835,RP65,0,0,1,13.6,2.009764487,99.8,0,137.7,1821.2,0,15.86864905,0.3,0,0,0,0,0,0,0,0,0,0,0,0,1.7,0,1.1,401.9,72.31638418
66,Blue-035,1/13/20,MG,Protein,1,2,3/13/20,2.1874,2.083,0.3028,RP66,0,0,0.8,8,0,266.8,0,292.2,2427.1,0,31.51018627,0,0,0,0,0,0,0,0,0,0,0,0,0.8,0.8,0,0,1077,106.5609863
67,Blue-039,2/24/20,Control,Lipid,1,3,4/26/20,1.6416,1.5697,0.3584,RP67,0,0,2.1,30.3,2.738233758,230,0,62.3,1882.3,0,22.5688756,0.2,0,0,0,0,0,0,0,0,0,0,0,0,0,0,0.9,483.4,56.91964286
68,Blue-035,1/13/20,MG,Protein,1,4,3/15/20,2.4234,2.3315,0.4031,RP68,0,0,0.9,9.8,0.688810654,156.8,0,187.1,1748.4,0,17.18334285,0,0,0,0,0,0,0,0,0,0,0,0,0.7,0,0,0.5,628.9,72.43860084
69,Blue-043,1/13/20,MG,Lipid,1,1,3/18/20,2.0226,1.8975,0.369,RP69,0,0,16.4,57.3,4.32451133,152.5,0,383.3,2697.1,0.9,27.88758774,1.2,0,0,0,0,0,0,0,0,0,0,0,0,0,0,0,466.1,52.39385727
70,SEM 19-76,5/11/20,MG,Lipid,1,1,7/8/20,2.3243,2.2525,0.5063,RP70,0,0,1.5,8.9,0,88.8,0,200.9,1357.5,0,19.7813362,0,0,0,0,0,0,0,0,0,0,0,0,0.4,0,0,0,357.3,32.39186253
71,Blue-010,5/11/20,Control,Lipid,1,2,7/3/20,1.8038,1.7322,0.4583,RP71,0,0,5.8,25.1,1.46935251,91.3,0,223.8,1884.1,0.3,15.01360232,0.4,0,0,0,0,0,0,0,0,0,0,0,0.4,0,0,0.4,311.3,37.53000218
72,Blue-042,1/13/20,MG,Protein,1,4,3/18/20,2.2009,2.0908,0.5494,RP72,0,0,3.9,22.6,2.776723544,102.4,0,68.7,1695.9,0,14.1939664,0.2,0,0,0,0,0,0,0,0,0,0,0,0.4,0,0,0,196.4,28.15192331
73,Blue-015,2/24/20,MG,Lipid,1,1,4/25/20,2.1452,2.08,0.4705,RP73,0,0,0.9,5.6,0,53.3,0,208.1,1518.1,0.2,9.717036012,0,0,0,0,0,0,0,0,0,0,0,0,0.5,0,0,0,249.9,26.04321644
74,615,5/11/20,Control,Protein,1,3,7/7/20,1.9522,1.8864,0.3258,RP74,0,0,0.2,4.1,0,74.4,0,172.8,1724.7,0,18.35050114,0,0,0,0,0,0,0,0,0,0,0,0,0.7,0,0,0,508.3,71.61857991
75,Blue-010,5/11/20,Control,Lipid,1,6,7/7/20,1.9439,1.8679,0.3541,RP75,0,0,11.3,32.7,3.217626948,165.4,0,128.2,2658.2,0,23.74974847,0.3,0,0,0,0,0,0,0,0,0,0,0,0,0,0,0,485.7,74.17866893
76,209,5/11/20,MG,Lipid,1,1,8/11/20,2.2777,2.2087,0.5108,RP76,0,0,0.4,3.3,0,86.4,0,200.8,1267.9,0,27.80910917,0,0,0,0,0,0,0,0,0,0,0,0,0.3,0,0,0,379.1,37.5880971
77,Blue-010,5/11/20,Control,Lipid,1,3,7/4/20,1.7662,1.6848,0.4251,RP77,0,0,3.7,24.8,1.58786168,103.5,0,161.8,1915.5,0.2,10.89867684,0.4,0,0,0,0,0,0,0,0,0,0,0,0.4,0,0,0,443.5,66.18050655
78,615,5/11/20,Control,Protein,1,2,7/6/20,1.8646,1.7657,0.366,RP78,0,0,0.5,4.3,0,57.7,0,88.8,1361.8,0,25.10820341,0,0,0,0,0,0,0,0,0,0,0,0,0.5,0,0,0,348.1,61.20218579
79,617,3/17/20,Control,Protein,1,3,6/2/20,2.2262,2.1346,0.3681,RP79,0,0,1.5,30.9,3.047564549,203.6,0,142.3,2626.1,0,34.97586997,0.2,0,0,0,0,0,0,0,0,0,0,0,0,1,0,1.6,792.5,62.30191071
80,Blue-024,2/24/20,Control,Protein,1,1,4/25/20,2.5011,2.3795,0.682,RP80,0,0,0.1,0.7,0,29.4,0,113.2,796,0,3.228496866,0,0,0,0,0,0,0,0,0,0,0,0,0.6,0,0,0,325,27.95698925
81,AR 17-21,5/11/20,MG,Lipid,1,3,7/16/20,1.6555,1.6052,0.3859,RP81,0,0,0.1,1.8,0,70.6,0,43.6,1579.5,0,6.815157862,0,0,0,0,0,3.1,0,0,0,0,0,0,0.6,0,0,0.7,290.5,39.04292995
82,619,3/17/20,MG,Lipid,1,3,5/18/20,1.7206,1.5976,0.3271,RP82,0,0,3.8,56.7,6.293215036,240.7,0,153,3139.7,0.3,31.92731604,0.4,0,0,0,0,0,0,0,0,0,0,0,1,0,0,0,619.2,69.7034546
83,619,3/17/20,MG,Lipid,1,2,5/17/20,1.9219,1.8235,0.3345,RP83,0,0,5.8,62.7,4.0692682,281,0,57.2,2519.8,0.3,43.60883696,0.4,0,0,0,0,0,0,0,0,0,0,0,0.9,0,0,0,529.4,35.51569507
84,Blue-031,2/24/20,MG,Lipid,1,1,4/25/20,2.2228,2.1326,0.5511,RP84,0,0,2.3,17.4,1.772084458,117.9,0,187.4,1754.1,0,11.847309,0.2,0,0,0,0,0,0,0,0,0,0,0,0.6,0,0,0,230,23.68596141
85,SEM 19-74,3/17/20,MG,Protein,1,2,5/27/20,2.1533,2.0348,0.3709,RP85,0,0,1.3,8.5,2.327575822,138.5,0,232.7,1681.9,0,19.5408639,0,0,0,0,0,0,0,0,0,0,0,0,0.6,0,0,0,446.5,78.72741979
86,AR 17-21,5/11/20,MG,Lipid,1,1,7/13/20,1.9521,1.8832,0.47,RP86,0,0,0.5,6.2,0,91.3,0,153.1,1887.9,0,9.662307242,0,0,0,0,0,0,0,0,0,0,0,0,0.5,0,0,0,314.4,34.60992908
87,101-LS,2/24/20,MG,Lipid,1,3,5/1/20,2.4646,2.3494,0.4044,RP87,0,0,3.3,43.3,2.770061241,104.8,0,252.9,3144,0.3,40.45711244,0.4,0,0,0,0,0,0,0,0,0,0,0,0,0,0,0,491.4,58.02835476
88,48,1/13/20,Control,Lipid,1,1,3/20/20,2.5334,2.4533,0.5916,RP88,0,0,0.7,4.7,0,92.1,0,140.3,1078.6,0,13.07809848,0,0,0,0,0,0,0,0,0,0,0,0,0.2,0.8,0,0.8,424.2,52.51295921
89,SEM 19-74,3/17/20,MG,Protein,1,3,5/28/20,2.0259,1.982,0.3408,RP89,0,0,2.2,27.3,0,206.3,0,124.3,2072.6,0,34.05371064,0,0,0,0,0,0,0,0,0,0,0,0,0,0,0,0.5,586.9,108.7636933
90,SEM 19-107,5/11/20,MG,Protein,1,2,7/20/20,2.0011,1.9464,0.3894,RP90,0,0,0,1.6,0,104.3,0,52.5,827.5,0,38.36373375,0,0,0,0,0,0,0,0,0,0,0,0,0,0,0,0,441.6,97.58602979
91,Blue-010,5/11/20,Control,Lipid,1,4,7/5/20,1.8097,1.74,0.3629,RP91,0,0,6.1,35.9,5.188698604,146.4,0,141.9,2790.6,0.6,24.05865762,0.7,0,0,0,0,0,0,0,0,0,0,0,0.7,0,0,0,386.1,47.02856618
92,164,5/11/20,Control,Protein,1,1,7/24/20,2.4637,2.4248,0.5118,RP92,0,0,0.6,8.2,1.565189195,90.5,0,211.7,1777.1,0,10.63584423,0.1,0,0,0,0,0,0,0,0,0,0,0,0.4,1,0,1.1,303.7,26.3123616
93,LD 19-239,5/11/20,MG,Lipid,1,1,7/16/20,2.305,0.1632,0.4751,RP93,0,0,3.7,54.3,2.945628468,128.5,0,421.4,3708.5,0,15.02983116,0.6,0,0,0,0,0,0,0,0,0,0,0,0.3,0,0,1.2,388.8,25.34203326
94,Blue-049,1/13/20,Control,Protein,1,6,3/18/20,1.9645,1.8275,0.3758,RP94,0,0,1.2,12.8,0,134.9,0,42.8,1655.7,0,18.06543594,0,0,0,0,0,0,0,0,0,0,0,0,0.7,0,0,0,488.1,146.5318432
95,Blue-024,2/24/20,Control,Protein,1,4,4/28/20,2.1436,2.0085,0.4799,RP95,0,0,2.4,11.5,1.532899141,86.9,0,7.3,919.5,0,12.99965016,0,0,0,0,0,0,0,0,0,0,0,0,0.4,0,0,0,148.9,9.946516635
96,Blue-013,3/2/20,Control,Protein,1,3,5/22/20,2.1071,2.0574,0.2791,RP96,0,0,1.8,16.8,2.275551354,331.4,0,60.3,2075.8,0,39.66440843,0,0,0,0,0,0,0,0,0,0,0,0,0.7,0,0,0,798.7,48.72805446
97,Blue-032,2/24/20,MG,Protein,1,4,4/24/20,2.3537,2.2619,0.5772,RP97,0,0,0.5,9.4,0,104.3,0,24.1,1122,0,13.21893524,0,0,0,0,0,0,0,0,0,0,0,0,0.4,0.4,0,0,249.4,35.34303534
98,LD 19-239,5/11/20,MG,Lipid,1,3,7/18/20,2.0267,1.9955,0.4145,RP98,0,0,3.7,57.5,4.889253908,138.4,0,234.1,3400.5,0,21.9121081,0.7,0,0,0,0,0,0,0,0,0,0,0,0.9,0,0,0.8,335,36.67068758
99,164,5/11/20,Control,Protein,1,2,7/25/20,2.4998,2.4535,0.4472,RP99,0,0,1.8,21.1,1.930451414,119.7,0,197.9,2878.6,0,11.38582987,0.3,0,0,0,0,0,0,0,0,0,0,0,0,0,0,0,358.9,36.07632677
100,SEM 19-74,3/17/20,MG,Protein,1,1,5/26/20,2.4248,2.3252,0.402,RP100,0,0,0.9,5.3,0,136.2,0,193.1,1595.2,0,28.56512544,0,0,0,0,0,0,0,0,0,0,0,0,0.9,0,0,0,443.6,72.96849088
101,Blue-047,3/17/20,Control,Lipid,1,4,5/15/20,2.2647,2.1621,0.3484,RP101,0,0,0.5,11.7,1.974069912,179.5,0,19.6,1148.1,0,34.97860029,0,0,0,0,0,0,0,0,0,0,0,0,0,0,0,0,442.4,25.71756602
102,Blue-042,1/13/20,MG,Protein,1,3,3/17/20,2.0706,1.9786,0.4913,RP102,0,0,2.9,30.6,3.023892322,102,0,23.3,1205.1,0,17.27302775,0.4,0,0,0,0,0,0,0,0,0,0,0,0.7,0,0,1.3,116.7,6.838998575
103,Blue-049,1/13/20,Control,Protein,1,4,3/16/20,2.0869,1.9958,0.4401,RP103,0,0,1.5,18.9,1.856444618,114.2,0,73.8,1381.4,0,17.58010238,0.2,0,0,0,0,0,0,0,0,0,0,0,0,0,0,0,396.6,66.0455957
104,Blue-047,3/17/20,Control,Lipid,1,3,5/14/20,2.2976,2.1877,0.3533,RP104,0,0,0.7,8.9,1.255638328,178.5,0,34.2,1433.2,0,26.22715835,0,0,0,0,0,0,0,0,0,0,0,0,0,0,0,0,519.2,59.25087272
105,Blue-049,1/13/20,Control,Protein,1,1,3/13/20,2.2285,2.1327,0.4473,RP105,0,0,0.8,4.5,0,78,0,30.6,1327.2,0,20.23695007,0,0,0,0,0,0,0,0,0,0,0,0,0,0,0,0,227.3,18.21298159
106,Blue-047,3/17/20,Control,Lipid,1,2,5/13/20,2.1891,2.0523,0.3456,RP106,0,0,0.6,10.6,0,156.5,0,47,1079.3,0,24.73206195,0,0,0,0,0,0,0,0,0,0,0,0,0,0,0,0,296.4,18.47993827
107,SEM 19-1354,3/17/20,Control,Protein,1,3,5/23/20,2.0537,1.9557,0.2881,RP107,0,0,2.2,34.2,3.866122135,200,0,225.6,3190,0,33.11796044,0,0,0,0,0,0,0,0,0,0,0,0,0,0,0,0,689.8,91.17204674
108,617,3/17/20,Control,Protein,1,2,6/1/20,2.1365,2.0575,0.3556,RP108,0,0,1,17.4,0,211.1,0,215,2794.3,0,34.09837532,0.2,0,0,0,0,0,0,0,0,0,0,0,0,0,0,0,820.4,67.11661042
109,Blue-035,1/13/20,MG,Protein,1,1,3/12/20,2.162,2.0635,0.324,RP109,0,0,1.3,12.2,0,237.2,0,413.3,2405.4,0,33.69577529,0,0,0,0,0,0,0,0,0,0,0,0,0.6,0,0,0,845.3,85.18518519
110,601,3/17/20,Control,Protein,1,4,5/21/20,1.8898,1.8222,0.3607,RP110,0,0,0,3.8,0,108.4,0,107.8,2548,0,10.51302725,0,0,0,0,0,0,0,0,0,0,0,0,0,0,0,0,716.9,121.9850291
111,Blue-015,2/24/20,MG,Lipid,1,4,4/28/20,2.0334,1.9038,0.379,RP111,0,0,2,15.2,1.629427946,66.1,0,29.1,1922.4,0,11.17539316,0,0,0,0,0,0,0,0,0,0,0,0,0,0,0,0,212.4,16.99208443
112,617,3/17/20,Control,Protein,1,1,5/31/20,2.1265,2.0149,0.418,RP112,0,0,1.1,18,1.454494554,176.7,0,253,2331.6,0,34.38537963,0.2,0,0,0,0,0,0,0,0,0,0,0,0,1,0,1.7,429.7,44.33811802